{"schemaVersion":"1.0","appDefinitionTemplate":{"id":"/providers/Microsoft.PowerApps/apps/","type":"Microsoft.PowerApps/apps","tags":{"primaryDeviceWidth":"640","primaryDeviceHeight":"1136","sienaVersion":"20220602T114730Z-3.22053.15.0","deviceCapabilities":"webcam","supportsPortrait":"true","supportsLandscape":"true","primaryFormFactor":"Phone","publisherVersion":"3.22053.15","minimumRequiredApiVersion":"2.2.0","hasComponent":"false","hasUnlockedComponent":"false","isUnifiedRootApp":"false"},"properties":{"appVersion":"2022-06-02T11:47:30Z","lifeCycleId":"Published","createdByClientVersion":{"major":3,"minor":22053,"build":15,"revision":0,"majorRevision":0,"minorRevision":0},"minClientVersion":{"major":3,"minor":22053,"build":15,"revision":0,"majorRevision":0,"minorRevision":0},"backgroundColor":"RGBA(0,176,240,1)","backgroundImageUri":"/18131872967487776691/Nde0dba0c-d0f4-4d0b-8c41-d458aee31546-logoSmallFile","displayName":"Warehouse_barcodescanner","description":"","commitMessage":"","appUris":{"documentUri":{"value":"/18131872967487776691/N4224453f-b732-4b14-8a5b-d697ddee55bb-document.msapp"},"imageUris":[]},"createdTime":"0001-01-01T00:00:00Z","lastModifiedTime":"0001-01-01T00:00:00Z","sharedGroupsCount":0,"sharedUsersCount":0,"icons":{"smallIconUri":"/18131872967487776691/N84a4e802-f422-47bc-8838-39c5d07f2cc4-small.png","mediumIconUri":"/18131872967487776691/N13e6ebc1-f33e-4e2e-8168-99ccbd3efa47-medium.png","largeIconUri":"/18131872967487776691/N06bc69ae-3e97-47e0-ad55-8c687feb4c8d-large.png","wideIconUri":"/18131872967487776691/N30e60c44-b285-4f53-8dd8-429dc78ebbea-wide.png"},"connectionReferences":{"4ddb428b-e8d5-45d4-a6fd-60e03e340a52":{"id":"5528e71a-0fae-470a-ad17-83147479f4f5","displayName":"Office 365-Benutzer","iconUri":"https://connectoricons-prod.azureedge.net/releases/v1.0.1573/1.0.1573.2770/office365users/icon.png","dataSources":["Office365Users"],"dependencies":[],"dependents":[],"parameterHints":{},"parameterHintsV2":{},"isOnPremiseConnection":false,"bypassConsent":false,"dataSets":{},"apiTier":"Standard","isCustomApiConnection":false,"actions":["MyProfile","UserPhoto"]},"7a356934-677a-4a75-9bce-8e623e259696":{"id":"bbe2d6b2-fd33-4a2e-9347-b0fa66a4b8d7","displayName":"SharePoint","iconUri":"https://connectoricons-prod.azureedge.net/releases/v1.0.1578/1.0.1578.2813/sharepointonline/icon.png","dataSources":["warehouse_data"],"dependencies":[],"dependents":[],"parameterHints":{},"parameterHintsV2":{},"isOnPremiseConnection":false,"bypassConsent":false,"dataSets":{"https://thyssenkruppmaterials.sharepoint.com/sites/tkMPE":{"dataSources":{"warehouse_data":{"tableName":"7db02616-0fd6-45ca-b37e-a7883d5da465"}}}},"apiTier":"Standard","isCustomApiConnection":false,"actions":["providers/PowerPlatform.Governance/Operations/Read","providers/PowerPlatform.Governance/Operations/Write","providers/PowerPlatform.Governance/Operations/Delete"]}},"databaseReferences":{},"almMode":"Environment","performanceOptimizationEnabled":true,"canConsumeAppPass":true,"executionRestrictions":{"isTeamsOnly":false,"dataLossPreventionEvaluationResult":{"status":"Compliant","lastEvaluationDate":"2022-01-18T17:26:53.8090278Z","violations":[],"violationsByPolicy":[],"violationErrorMessage":"The app uses the following connectors: ."}}},"appType":"ClassicCanvasApp","appComponents":[]}}