{"schemaVersion":"1.0","appDefinitionTemplate":{"id":"/providers/Microsoft.PowerApps/apps/","type":"Microsoft.PowerApps/apps","tags":{"primaryDeviceWidth":"640","primaryDeviceHeight":"1136","sienaVersion":"20220609T090057Z-3.22054.15.0","deviceCapabilities":"webcam","supportsPortrait":"true","supportsLandscape":"true","primaryFormFactor":"Phone","publisherVersion":"3.22054.15","minimumRequiredApiVersion":"2.2.0","hasComponent":"false","hasUnlockedComponent":"false","isUnifiedRootApp":"false"},"properties":{"appVersion":"2022-06-09T09:00:57Z","lifeCycleId":"Published","createdByClientVersion":{"major":3,"minor":22054,"build":15,"revision":0,"majorRevision":0,"minorRevision":0},"minClientVersion":{"major":3,"minor":22054,"build":15,"revision":0,"majorRevision":0,"minorRevision":0},"backgroundColor":"RGBA(0,176,240,1)","backgroundImageUri":"/18131872967487776691/N916a96e0-afae-488b-818a-c1b7469782b0-logoSmallFile","displayName":"Warehouse_barcodescanner","description":"","commitMessage":"","appUris":{"documentUri":{"value":"/18131872967487776691/N5e8474f5-dd76-4d2c-8bdd-2965aad1ab6b-document.msapp"},"imageUris":[]},"createdTime":"0001-01-01T00:00:00Z","lastModifiedTime":"0001-01-01T00:00:00Z","sharedGroupsCount":0,"sharedUsersCount":0,"icons":{"smallIconUri":"/18131872967487776691/N5d789245-5417-46f3-b954-45534bdd1561-small.png","mediumIconUri":"/18131872967487776691/Naa87fc08-1060-4e37-a7cd-0fa9d5a1b9a1-medium.png","largeIconUri":"/18131872967487776691/N48f59fda-08c0-4302-acbf-f9ee5e264778-large.png","wideIconUri":"/18131872967487776691/N7a1f8743-b32d-465e-b601-018d8a99eb82-wide.png"},"connectionReferences":{"4ddb428b-e8d5-45d4-a6fd-60e03e340a52":{"id":"5528e71a-0fae-470a-ad17-83147479f4f5","displayName":"Office 365-Benutzer","iconUri":"https://connectoricons-prod.azureedge.net/releases/v1.0.1573/1.0.1573.2770/office365users/icon.png","dataSources":["Office365Users"],"dependencies":[],"dependents":[],"parameterHints":{},"parameterHintsV2":{},"isOnPremiseConnection":false,"bypassConsent":false,"dataSets":{},"apiTier":"Standard","isCustomApiConnection":false,"actions":["MyProfile","UserPhoto"]},"7a356934-677a-4a75-9bce-8e623e259696":{"id":"bbe2d6b2-fd33-4a2e-9347-b0fa66a4b8d7","displayName":"SharePoint","iconUri":"https://connectoricons-prod.azureedge.net/releases/v1.0.1578/1.0.1578.2813/sharepointonline/icon.png","dataSources":["warehouse_data"],"dependencies":[],"dependents":[],"parameterHints":{},"parameterHintsV2":{},"isOnPremiseConnection":false,"bypassConsent":false,"dataSets":{"https://thyssenkruppmaterials.sharepoint.com/sites/tkMPE":{"dataSources":{"warehouse_data":{"tableName":"7db02616-0fd6-45ca-b37e-a7883d5da465"}}}},"apiTier":"Standard","isCustomApiConnection":false,"actions":["providers/PowerPlatform.Governance/Operations/Read","providers/PowerPlatform.Governance/Operations/Write","providers/PowerPlatform.Governance/Operations/Delete"]}},"databaseReferences":{},"almMode":"Environment","performanceOptimizationEnabled":true,"canConsumeAppPass":true,"executionRestrictions":{"isTeamsOnly":false,"dataLossPreventionEvaluationResult":{"status":"Compliant","lastEvaluationDate":"2022-01-18T17:26:53.8090278Z","violations":[],"violationsByPolicy":[],"violationErrorMessage":"The app uses the following connectors: ."}}},"appType":"ClassicCanvasApp","appComponents":[]}}